<?xml version="1.0" encoding="UTF-8" ?>

<!DOCTYPE configuration PUBLIC "-//mybatis.org//DTD Config 3.0//EN" "http://mybatis.org/dtd/mybatis-3-config.dtd">

<configuration>
	<properties resource="generator.properties"></properties>
	<settings>
		<setting name="logImpl" value="LOG4J2" />
	</settings>
	<environments default="development">
		<environment id="development">
			<transactionManager type="JDBC" />
			<dataSource type="POOLED">
				<property name="driver" value="${jdbc.driver}" />
				<property name="url" value="${jdbc.url}" />
				<property name="username" value="${jdbc.username}" />
				<property name="password" value="${jdbc.password}" />
			</dataSource>
		</environment>
	</environments>

	<mappers>
		<mapper resource="com/wyl/dao/UsersMapper.xml" />
		<mapper resource="com/wyl/dao/AdminMapper.xml" />
		<mapper resource="com/wyl/dao/NewsTypeMapper.xml" />
		<mapper resource="com/wyl/dao/NewsMapper.xml" />
		<mapper resource="com/wyl/dao/NewsInfoMapper.xml" />
	</mappers>
</configuration>
