<?xml version="1.0" encoding="UTF-8"?>
<!DOCTYPE mapper PUBLIC "-//mybatis.org//DTD Mapper 3.0//EN" "http://mybatis.org/dtd/mybatis-3-mapper.dtd">
<mapper namespace="com.wyl.dao.NewsMapper">
	<resultMap id="BaseResultMap" type="com.wyl.beans.News">
		<id column="id" jdbcType="INTEGER" property="id" />
		<result column="title" jdbcType="VARCHAR" property="title" />
		<result column="author" jdbcType="VARCHAR" property="author" />
		<result column="photo_a" jdbcType="VARCHAR" property="photoA" />
		<result column="photo_b" jdbcType="VARCHAR" property="photoB" />
		<result column="photo_c" jdbcType="VARCHAR" property="photoC" />
		<result column="st" jdbcType="VARCHAR" property="st" />
		<result column="start_info" jdbcType="VARCHAR" property="startInfo" />

		<association property="newsType" javaType="com.wyl.beans.NewsType">
			<id column="news_type_id" property="id" jdbcType="INTEGER" />
			<result column="name" property="name" jdbcType="VARCHAR" />
		</association>
	</resultMap>

	<select id="selectByTypeCount" parameterType="com.wyl.beans.NewsType"
		resultType="java.lang.Integer">
		select
		count(*)
		from `news` , `news_type`
		where
		`news`.`news_type_id` =
		`news_type`.`id`
		and `news`.`news_type_id`=#{id}
	</select>
	<select id="selectByExample" resultMap="BaseResultMap">

		select
		`news`.`id` AS
		`id`,
		`news`.`title` AS `title`,
		`news`.`author` AS
		`author`,
		`news`.`photo_a` AS `photo_a`,
		`news`.`photo_b` AS `photo_b`,
		`news`.`photo_c` AS `photo_c`,
		`news`.`st` AS `st`,
		`news`.`news_type_id` AS `news_type_id`,
		`news`.`start_info` AS
		`start_info`,
		`news_type`.`name` AS `name`
		from `news` , `news_type`
		where `news`.`news_type_id` = `news_type`.`id`
		order by st desc
	</select>

	<select id="selectByPrimaryKey" parameterType="java.lang.Integer"
		resultMap="BaseResultMap">
		select
		`news`.`id` AS `id`,
		`news`.`title` AS `title`,
		`news`.`author` AS `author`,
		`news`.`photo_a` AS `photo_a`,
		`news`.`photo_b` AS `photo_b`,
		`news`.`photo_c` AS `photo_c`,
		`news`.`st` AS `st`,
		`news`.`news_type_id` AS `news_type_id`,
		`news`.`start_info` AS `start_info`,
		`news_type`.`name` AS `name`
		from
		`news` , `news_type`
		where `news`.`news_type_id` = `news_type`.`id`
		and
		`news`.id=#{id}
	</select>

	<select id="selectByType" resultMap="BaseResultMap"
		parameterType="com.wyl.beans.NewsType">

		select
		`news`.`id` AS `id`,
		`news`.`title` AS `title`,
		`news`.`author` AS
		`author`,
		`news`.`photo_a` AS `photo_a`,
		`news`.`photo_b` AS `photo_b`,
		`news`.`photo_c` AS `photo_c`,
		`news`.`st` AS `st`,
		`news`.`news_type_id` AS `news_type_id`,
		`news`.`start_info` AS
		`start_info`,
		`news_type`.`name` AS `name`
		from
		`news` , `news_type`
		where `news`.`news_type_id` = `news_type`.`id`
		and
		`news`.`news_type_id`=#{id}

	</select>

	<select id="组合查询" resultMap="BaseResultMap" parameterType="com.wyl.beans.NewsQuery">
		select
		`news`.`id` AS `id`,
		`news`.`title` AS `title`,
		`news`.`author` AS
		`author`,
		`news`.`photo_a` AS `photo_a`,
		`news`.`photo_b` AS `photo_b`,
		`news`.`photo_c` AS `photo_c`,
		`news`.`st` AS `st`,
		`news`.`news_type_id` AS `news_type_id`,
		`news`.`start_info` AS
		`start_info`,
		`news_type`.`name` AS `name`
		from
		`news` , `news_type`
		<where>
			`news`.`news_type_id` = `news_type`.`id`

			<if test="title!=null and title!=''">
				and title like concat(concat('%',#{title}),'%')
			</if>
			<if test="newsTypeId!=null and newsTypeId>0">
				and news_type_id= #{newsTypeId}
			</if>
			<if test="stStart!=null and stStart!='' and stEnd!=null and stEnd!='' ">
				and st between #{stStart} and #{stEnd}
			</if>
		</where>
		</select>
		<delete id="deleteByPrimaryKey" parameterType="java.lang.Integer">
			delete from news
			where id = #{id,jdbcType=INTEGER}
		</delete>

		<insert id="insert" parameterType="com.wyl.beans.News"
			useGeneratedKeys="true" keyProperty="id">
			insert into news (id, title, author,
			photo_a, photo_b, photo_c,
			st, news_type_id, start_info
			)
			values (#{id,jdbcType=INTEGER}, #{title,jdbcType=VARCHAR},
			#{author,jdbcType=VARCHAR},
			#{photoA,jdbcType=VARCHAR}, #{photoB,jdbcType=VARCHAR}, #{photoC,jdbcType=VARCHAR},
			#{st,jdbcType=VARCHAR}, #{newsType.id,jdbcType=INTEGER},
			#{startInfo,jdbcType=VARCHAR}
			)
		</insert>

		<update id="updateByPrimaryKey" parameterType="com.wyl.beans.News">
			update news
			set title = #{title,jdbcType=VARCHAR},
			author = #{author,jdbcType=VARCHAR},
			photo_a = #{photoA,jdbcType=VARCHAR},
			photo_b = #{photoB,jdbcType=VARCHAR},
			photo_c = #{photoC,jdbcType=VARCHAR},
			st = #{st,jdbcType=VARCHAR},
			news_type_id = #{newsType.id,jdbcType=INTEGER},
			start_info = #{startInfo,jdbcType=VARCHAR}
			where id = #{id,jdbcType=INTEGER}
		</update>
		<update id="更新图片" parameterType="com.wyl.beans.News">
			update news

			set

			photo_a = #{photoA,jdbcType=VARCHAR},

			photo_b = #{photoB,jdbcType=VARCHAR},

			photo_c = #{photoC,jdbcType=VARCHAR}

			where id = #{id,jdbcType=INTEGER}
		</update>
</mapper>