<?xml version="1.0" encoding="UTF-8"?>
<!DOCTYPE mapper PUBLIC "-//mybatis.org//DTD Mapper 3.0//EN" "http://mybatis.org/dtd/mybatis-3-mapper.dtd">
<mapper namespace="com.wyl.dao.NewsInfoMapper">
	<resultMap id="BaseResultMap" type="com.wyl.beans.NewsInfo">
		<id column="id" jdbcType="INTEGER" property="id" />
		<result column="news_id" jdbcType="INTEGER" property="newsId" />
		<result column="info" jdbcType="LONGVARCHAR" property="info" />
	</resultMap>

	<select id="selectByExample" resultMap="BaseResultMap">
		select * from news_info

	</select>

	<select id="selectByPrimaryKey" parameterType="java.lang.Integer"
		resultMap="BaseResultMap">
		select *
		from news_info
		where id = #{id,jdbcType=INTEGER}
	</select>


<update id="更新新闻内容" parameterType="com.wyl.beans.NewsInfo">
		update news_info
		set info=#{info,jdbcType=LONGVARCHAR}
		where news_id =
		#{newsId,jdbcType=INTEGER}
	</update>

	<delete id="deleteByPrimaryKey" parameterType="java.lang.Integer">
		delete from
		news_info
		where news_id = #{i,jdbcType=INTEGER}
	</delete>

	<insert id="insert" parameterType="com.wyl.beans.NewsInfo">
		insert into news_info (id,
		news_id, info
		)
		values (#{id,jdbcType=INTEGER},
		#{newsId,jdbcType=INTEGER},
		#{info,jdbcType=LONGVARCHAR}
		)
	</insert>

	<select id="selectByNews" resultMap="BaseResultMap"
		parameterType="java.lang.Integer">
		select * from news_info where news_id =
		#{newsId,jdbcType=INTEGER}

	</select>

	<update id="updateByPrimaryKey" parameterType="com.wyl.beans.NewsInfo">
		update news_info
		set news_id = #{newsId,jdbcType=INTEGER}
		info=#{info,jdbcType=LONGVARCHAR})
		where id = #{id,jdbcType=INTEGER}
	</update>
</mapper>