<?xml version="1.0" encoding="UTF-8"?>
<!DOCTYPE mapper PUBLIC "-//mybatis.org//DTD Mapper 3.0//EN" "http://mybatis.org/dtd/mybatis-3-mapper.dtd">
<mapper namespace="com.wyl.dao.UsersMapper">

	<resultMap id="BaseResultMap" type="com.wyl.beans.Users">
		<id column="id" jdbcType="INTEGER" property="id" />
		<result column="username" jdbcType="VARCHAR" property="username" />
		<result column="password" jdbcType="VARCHAR" property="password" />
		<result column="st" jdbcType="VARCHAR" property="st" />
		<result column="state" jdbcType="INTEGER" property="state" />
		<result column="nick" jdbcType="VARCHAR" property="nick" />
		<result column="photo" jdbcType="VARCHAR" property="photo" />
		<result column="email" jdbcType="VARCHAR" property="email" />
		<result column="verification" jdbcType="VARCHAR" property="verification" />
	</resultMap>

	<select id="搜索用户名密码" resultMap="BaseResultMap" parameterType="com.wyl.beans.Users">
		select * from users where username=#{username} and
		password=#{password}
	</select>


	<select id="selectByEmail" parameterType="com.wyl.beans.Users" resultMap="BaseResultMap">
		select *
		from users
		where email = #{email,jdbcType=VARCHAR}
	</select>

	<select id="selectBy用户名" parameterType="com.wyl.beans.Users" resultMap="BaseResultMap">
		select *
		from users
		where username=#{username,jdbcType=VARCHAR}
	</select>

	<delete id="deleteByPrimaryKey" parameterType="java.lang.Integer">
		delete from users
		where id = #{id,jdbcType=INTEGER}
	</delete>

	<insert id="insert" parameterType="com.wyl.beans.Users">
		insert into users (id,
		username, password,
		st, state, nick, photo,
		email, verification)
		values
		(#{id,jdbcType=INTEGER}, #{username,jdbcType=VARCHAR},
		#{password,jdbcType=VARCHAR},
		#{st,jdbcType=VARCHAR},
		#{state,jdbcType=INTEGER}, #{nick,jdbcType=VARCHAR},
		#{photo,jdbcType=VARCHAR},
		#{email,jdbcType=VARCHAR},
		#{verification,jdbcType=VARCHAR})
	</insert>
	
	<update id="updatestat" parameterType="com.wyl.beans.Users">
		update users
		<set>
			state = #{state,jdbcType=INTEGER},
		</set>
		where email = #{email,jdbcType=VARCHAR} and verification =
		#{verification,jdbcType=VARCHAR}
	</update>

	<update id="updateByPrimaryKey" parameterType="com.wyl.beans.Users">
		update users
		set
		username = #{username,jdbcType=VARCHAR},
		password =
		#{password,jdbcType=VARCHAR},
		st = #{st,jdbcType=VARCHAR},
		state =
		#{state,jdbcType=INTEGER},
		nick = #{nick,jdbcType=VARCHAR},
		photo =
		#{photo,jdbcType=VARCHAR},
		email = #{email,jdbcType=VARCHAR},
		verification = #{verification,jdbcType=VARCHAR}
		where id =
		#{id,jdbcType=INTEGER}
	</update>
</mapper>